systolic_band,rows,target_rate
<120,12712,0.2304908747640025
120-129,28225,0.35599645704162974
130-139,9213,0.5985021165744058
>=140,18455,0.837008940666486
