dataset,model,split,rows,positive_rate,auroc,auprc,accuracy,f1,brier,log_loss,sensitivity,specificity,tp,tn,fp,fn
cardio_clean,dummy_prior,test,17152,0.4946944962686567,0.5,0.4946944962686567,0.5053055037313433,0.0,0.24997185171867217,0.693090882940821,0.0,1.0,0,8667,0,8485
cardio_clean,logistic_l2,test,17152,0.4946944962686567,0.7930506797741812,0.7749778695425679,0.726737406716418,0.7073368716827974,0.18625228527946705,0.5576612953488586,0.6675309369475545,0.7847005884389062,5664,6801,1866,2821
cardio_clean,decision_tree_depth4,test,17152,0.4946944962686567,0.7875801091644701,0.7597758806672089,0.7295942164179104,0.72458432304038,0.18443766140115941,0.5513554722095624,0.7190335886859163,0.7399330794969424,6101,6413,2254,2384
cardio_clean,random_forest,test,17152,0.4946944962686567,0.8024365818666553,0.7875446648611475,0.7354827425373134,0.7215368563186645,0.18008061235575842,0.539984885133618,0.6927519151443724,0.7773162570670359,5878,6737,1930,2607
cardio_clean,hist_gradient_boosting,test,17152,0.4946944962686567,0.8036930631628624,0.7892036871919764,0.7355410447761194,0.7200691187361146,0.1795084026634615,0.5384185644311219,0.6875662934590454,0.7825083650628822,5834,6782,1885,2651
