age_band,rows,target_rate
<40,4,0.0
40-49,17671,0.352894573029257
50-59,34652,0.4917465081380584
>=60,16278,0.65505590367367
