profile,description,rows,rows_removed,removed_fraction,target_rate,age_mean,ap_hi_mean,ap_lo_mean,bmi_mean
raw,No plausibility filtering; included as a stress-test baseline.,70000,0,0.0,0.4997,53.3028495942114,128.8172857142857,96.63041428571428,27.55651255127886
lenient,Broad plausibility rules that remove extreme artifacts while keeping borderline measurements.,68644,1356,0.01937142857142857,0.494726414544607,53.29129748816429,126.67270263970632,81.30256103956646,27.465910521665997
current,Primary rules used in the current project baseline.,68605,1395,0.019928571428571427,0.494701552364988,53.291842791973274,126.67232708986225,81.30414692806647,27.454956663786994
strict,Stricter sensitivity rules for robustness checking.,68362,1638,0.0234,0.4950118486878675,53.29322174875263,126.69459641321203,81.32210877388023,27.43260923398956
