{
  "path": "docs/drive-download-20260627T215828Z-3-001/Datasets/ECG Timeseries/ecg_timeseries.csv",
  "file_size_mb": 626.9558706283569,
  "header_len": 123995,
  "row_count": 528,
  "row_lengths": {
    "123995": 528
  },
  "first_header": [
    "",
    "0",
    "1",
    "2",
    "3",
    "4",
    "5",
    "6",
    "7",
    "8",
    "9",
    "10"
  ],
  "last_header": [
    "4033",
    "4034",
    "4035",
    "4036",
    "4037",
    "4038",
    "4039",
    "4040",
    "4041",
    "4042",
    "4043",
    "4044"
  ],
  "duplicate_nonempty_header_count": 36441,
  "first_repeated_header_names": [
    "0",
    "1",
    "2",
    "3",
    "4",
    "5",
    "6",
    "7",
    "8",
    "9",
    "10",
    "11",
    "12",
    "13",
    "14",
    "15",
    "16",
    "17",
    "18",
    "19"
  ],
  "first_rows_excerpt": [
    [
      "1.000000000000000000e+00",
      "0.9084249138832092",
      "0.730088472366333",
      "1.0",
      "0.5704697966575624",
      "1.0",
      "1.0",
      "0.9094076752662658",
      "0.9278033971786499",
      "1.0",
      "...",
      "1.0",
      "1.0",
      "1.0",
      "0.9159831404685974",
      "1.0"
    ],
    [
      "7.582644820213317871e-01",
      "0.7838827967643738",
      "0.21238937973976132",
      "0.9104166626930237",
      "0.3993288576602936",
      "0.9236640930175779",
      "0.7972602844238281",
      "0.97560977935791",
      "0.8663594722747802",
      "0.9142300486564637",
      "...",
      "0.7005917156736057",
      "0.6690973909571767",
      "0.7516170740127563",
      "0.621000509088238",
      "0.7517583767573038"
    ],
    [
      "1.115702465176582336e-01",
      "0.5311355590820312",
      "0.0",
      "0.6812499761581421",
      "0.23825503885746",
      "0.6564885377883911",
      "0.3205479383468628",
      "0.5331010222434998",
      "0.299539178609848",
      "0.4736842215061188",
      "...",
      "0.40118343134721124",
      "0.33819478191435337",
      "0.5032341480255127",
      "0.3260178777078787",
      "0.5035167535146077"
    ],
    [
      "0.000000000000000000e+00",
      "0.3626373708248138",
      "0.1194690242409706",
      "0.4729166626930237",
      "0.14765100181102753",
      "0.1959287524223328",
      "0.04383561760187149",
      "0.13414634764194489",
      "0.0",
      "0.0",
      "...",
      "0.1017751470208168",
      "0.007292172871530056",
      "0.25485122203826904",
      "0.031035246327519417",
      "0.2552751302719116"
    ],
    [
      "8.057851344347000122e-02",
      "0.36630037426948553",
      "0.10176990926265717",
      "0.2291666716337204",
      "0.0",
      "0.1119592860341072",
      "0.049315068870782845",
      "0.0662020891904831",
      "0.23195084929466248",
      "0.06432748585939407",
      "...",
      "0.10256410165069003",
      "0.007644121506018564",
      "0.25389445200562477",
      "0.030711962511607755",
      "0.25421062189464766"
    ]
  ],
  "sampled_numeric_values": 66000,
  "sampled_min": 0.0,
  "sampled_mean": 0.313600982373695,
  "sampled_max": 4.0
}